model,k,covariance_type,bic,validation_log_likelihood,converged,silhouette,davies_bouldin,min_cluster_share,observed_clusters
GMM,2,diag,17262.56318969341,-4.970432876783513,True,0.36971938703695917,1.040222778186175,0.4066666666666667,2
GMM,3,diag,14899.076501822963,-4.330005421081821,True,0.21103285660431728,1.4770488938630795,0.18533333333333332,3
GMM,4,diag,14135.17392056455,-4.055382966861432,True,0.13291233743067954,1.8539862632408461,0.10666666666666667,4
GMM,5,diag,13908.332811684293,-3.9865522894085905,True,0.11979550552863692,2.2274063414427543,0.04533333333333334,5
GMM,6,diag,13855.506398559517,-3.9515730925227666,True,0.11212556498638487,2.0001855651744065,0.030666666666666665,6
GMM,2,full,14628.18088235425,-4.2026179040073455,True,0.26702881885245344,1.2502329864284174,0.44666666666666666,2
GMM,3,full,14230.793965146722,-4.065057172744897,True,0.20656206292360518,1.6068300655338563,0.14,3
GMM,4,full,13545.232778261916,-3.8211316432700757,True,0.12210805932457296,2.2663341000839488,0.092,4
GMM,5,full,13309.610480366659,-3.7643311076049493,True,0.08982394166639075,2.6862099462506057,0.06266666666666666,5
GMM,6,full,13634.128782112075,-3.795603412428348,True,0.12740782422722252,1.9275011346763906,0.017333333333333333,6
