repetition,ari,converged
1,0.9946656151715556,True
2,0.9893457643954765,True
3,0.9291562938201788,True
4,0.9920038735262928,True
5,0.9946654676836032,True
6,0.9893457643954765,True
7,0.9973309903293164,True
8,0.9813917144307445,True
9,0.9813901352241925,True
10,0.9787496331386345,True
11,0.9866894326668108,True
12,0.9708406275457192,True
13,0.9708316895456354,True
14,0.9761036803918147,True
15,0.9682009130438575,True
16,0.9920032051524977,True
17,0.9655736149139019,True
18,0.9920038735262928,True
19,0.9920038735262928,True
20,0.9893454743613447,True
